feature,delta
transfer_ratio,0.15033940954199898
bags_per_pax,0.05950598216272518
pnr_pressure_index,0.014955454893866293
ssr_per_pnr,0.014212599589563911
load_factor,-0.04784212900812357
scheduled_vs_min_turn_buffer,-171.29395529380602
