feature,delta
transfer_ratio,0.1493169663407954
bags_per_pax,0.13310445050264597
pnr_pressure_index,0.021667625161881338
ssr_per_pnr,0.013451081719913632
load_factor,-0.02223255137275637
scheduled_vs_min_turn_buffer,-123.81515238110379
