{
  "positive_rate": 0.07297197184837634,
  "train_size": 3777,
  "test_size": 4322,
  "validation_cutoff_date": "2025-08-07",
  "cv_roc_auc": 0.9973006423236032,
  "cv_pr_auc": 0.976397209671752,
  "threshold": 0.25,
  "threshold_precision": 0.9631336405529954,
  "threshold_recall": 0.8969957081545065,
  "threshold_f2": 0.9094865100087032,
  "rule_boost": 0.2,
  "baseline_holdout_positive_rate": 0.08283202221193892,
  "holdout_actual_delay_rate": 0.3024062933826932,
  "train_precision": 1.0,
  "train_recall": 1.0,
  "train_f1": 1.0,
  "train_f2": 1.0,
  "train_pr_auc": 1.0,
  "train_positive_count": 233,
  "train_roc_auc": 1.0,
  "test_raw_precision": 0.9548022598870056,
  "test_raw_recall": 0.9441340782122905,
  "test_raw_f1": 0.949438202247191,
  "test_raw_f2": 0.9462486002239642,
  "test_raw_pr_auc": 0.9886863049756909,
  "test_raw_positive_count": 358,
  "test_raw_roc_auc": 0.9968374589179713,
  "test_calibrated_precision": 0.95,
  "test_calibrated_recall": 0.9553072625698324,
  "test_calibrated_f1": 0.9526462395543176,
  "test_calibrated_f2": 0.9542410714285714,
  "test_calibrated_pr_auc": 0.9877675864419548,
  "test_calibrated_positive_count": 358,
  "test_calibrated_roc_auc": 0.9978616909729464,
  "test_blended_precision": 0.95,
  "test_blended_recall": 0.9553072625698324,
  "test_blended_f1": 0.9526462395543176,
  "test_blended_f2": 0.9542410714285714,
  "test_blended_pr_auc": 0.993222303017227,
  "test_blended_positive_count": 358,
  "test_blended_roc_auc": 0.9992956863165134,
  "test_blended_true_positives": 342,
  "test_blended_predicted_positive_count": 360,
  "test_blended_false_positive_count": 18,
  "test_blended_false_negative_count": 16
}