{
  "positive_rate": 0.3343622669465366,
  "train_size": 3777,
  "test_size": 4322,
  "validation_cutoff_date": "2025-08-07",
  "cv_roc_auc": 0.926168011786411,
  "cv_pr_auc": 0.8795571512516951,
  "threshold": 0.07389025515227557,
  "threshold_precision": 0.6220222339862361,
  "threshold_recall": 0.9303246239113222,
  "threshold_f2": 0.8464198242328195,
  "rule_boost": 0.2,
  "baseline_holdout_positive_rate": 0.33433595557612217,
  "holdout_actual_delay_rate": 0.3024062933826932,
  "train_precision": 0.676486341724692,
  "train_recall": 1.0,
  "train_f1": 0.8070287539936102,
  "train_f2": 0.9127041479982656,
  "train_pr_auc": 0.99992778549174,
  "train_positive_count": 1263,
  "train_roc_auc": 0.999964883902718,
  "test_raw_precision": 0.5631856968711906,
  "test_raw_recall": 0.9591695501730104,
  "test_raw_f1": 0.7096774193548387,
  "test_raw_f2": 0.8409173643975246,
  "test_raw_pr_auc": 0.8504039798749067,
  "test_raw_positive_count": 1445,
  "test_raw_roc_auc": 0.9179397993632832,
  "test_calibrated_precision": 0.5435120435120435,
  "test_calibrated_recall": 0.9681660899653979,
  "test_calibrated_f1": 0.696193082856432,
  "test_calibrated_f2": 0.8373234378740723,
  "test_calibrated_pr_auc": 0.8437357470434801,
  "test_calibrated_positive_count": 1445,
  "test_calibrated_roc_auc": 0.9197830785384141,
  "test_blended_precision": 0.5423925667828107,
  "test_blended_recall": 0.9695501730103806,
  "test_blended_f1": 0.6956305858987091,
  "test_blended_f2": 0.837618079636494,
  "test_blended_pr_auc": 0.8417083883646415,
  "test_blended_positive_count": 1445,
  "test_blended_roc_auc": 0.9201318655414077,
  "test_blended_true_positives": 1401,
  "test_blended_predicted_positive_count": 2583,
  "test_blended_false_positive_count": 1182,
  "test_blended_false_negative_count": 44
}