{
  "correlation": {
    "pearson_delay_vs_blended": 0.5601750766941426,
    "spearman_delay_vs_blended": 0.7305495488873384
  },
  "ttest_difficult_vs_easy": {
    "statistic": 36.252374087827356,
    "pvalue": 4.438721982557505e-236,
    "mean_delay_difficult": 61.193215339233035,
    "mean_delay_easy": -2.7245808062789867
  },
  "top_decile_delay": {
    "threshold": 0.8691099476439791,
    "mean_delay_top_decile": 107.0366699702676,
    "mean_delay_rest": 8.956383273331488
  },
  "holdout_metrics": {
    "roc_auc": 0.9201318655414077,
    "pr_auc": 0.8417083883646415
  },
  "holdout_confusion_matrix": {
    "true_negative": 1695,
    "false_positive": 1182,
    "false_negative": 44,
    "true_positive": 1401
  },
  "feature_weight_snapshot": {
    "positive_arrival_delay": 0.09977621916985009,
    "departure_minutes_from_midnight": 0.09344824373120775,
    "station_departure_rank_pct": 0.07616577103645658,
    "actual_vs_min_turn_buffer": 0.047612761843967844,
    "departure_wave_bucket_code": 0.03991479218218656,
    "ssr_per_pnr": 0.03527092725488207,
    "transfer_ratio": 0.033971530669662096,
    "bags_per_pax": 0.03290035171030983,
    "minutes_since_first_departure": 0.03057330863915926,
    "transfer_bags_per_pax": 0.030359715742711593
  }
}