{
  "correlation": {
    "pearson_delay_vs_blended": 0.20113380608128398,
    "spearman_delay_vs_blended": 0.22251120922267642
  },
  "ttest_difficult_vs_easy": {
    "statistic": 10.122315851498605,
    "pvalue": 2.202045096408591e-22,
    "mean_delay_difficult": 63.60406091370558,
    "mean_delay_easy": 17.624871982443306
  },
  "top_decile_delay": {
    "threshold": 0.1951614914577878,
    "mean_delay_top_decile": 57.425400739827374,
    "mean_delay_rest": 17.14832601536773
  },
  "holdout_metrics": {
    "roc_auc": 0.999500039461297,
    "pr_auc": 0.9946667287851445
  },
  "holdout_confusion_matrix": {
    "true_negative": 3904,
    "false_positive": 60,
    "false_negative": 3,
    "true_positive": 355
  },
  "feature_weight_snapshot": {
    "scheduled_vs_min_turn_buffer": 0.2869836204606707,
    "scheduled_ground_to_min_ratio": 0.1326422095032963,
    "transfer_ratio": 0.12661013906643379,
    "ssr_per_pnr": 0.0450884022228591,
    "actual_vs_min_turn_buffer": 0.03502064893852653,
    "avg_pnr_size": 0.030999636925131042,
    "is_international": 0.02998148109175825,
    "bags_per_pax": 0.026686214738850838,
    "transfer_bags_per_pax": 0.024919696452853312,
    "share_short_lead_pnr": 0.018778665037997133
  }
}